id,examRound,year,questionNumber,session,subject,officialLarge,officialMedium,officialSmall,normalizedTheme,subTheme,importance,studyPoint,sourceUrl,sourceReliability,blueprintVersion,questionCountMode,memo,themeId
34-001,34,2026,1,共通,medical-overview,専門基礎科目,医療概論,難病対策,health-policy,指定難病・受給者証所持者数,,2023年度の指定難病受給者証所持者数はパーキンソン病が最多で、潰瘍性大腸炎が僅差で続く。全身性エリテマトーデス・クローン病はこれより少ない,,indexed_official,2020,180,,mo-nanbyo
34-002,34,2026,2,共通,medical-overview,専門基礎科目,医療概論,医の倫理,medical-ethics,あはき施術者の倫理的姿勢,,あはき施術者の倫理は患者中心が原則で、患者の苦痛への共感が求められる。施術者本位・施術者の利益優先・家族の要求優先は患者中心の原則に反する,,indexed_official,2020,180,,mo-i-no-rinri
34-003,34,2026,3,共通,medical-overview,専門基礎科目,医療概論,医療従事者の資格,medical-personnel-law,業務独占・名称独占の区分,,看護師は保健師助産師看護師法により名称独占に加えて業務独占が定められている。理学療法士・作業療法士・保健師は名称独占のみ,,indexed_official,2020,180,,mo-team-iryo
34-004,34,2026,4,共通,medical-overview,専門基礎科目,医療概論,社会保障制度,social-security,介護保険制度,,介護保険：保険者は市町村・特別区、被保険者は40歳以上。要介護認定は要介護1〜5の5区分（要支援1・2は別区分）。介護報酬の改定は原則3年ごと,,indexed_official,2020,180,,mo-kaigo-hoken
34-005,34,2026,5,共通,hygiene,専門基礎科目,衛生学・公衆衛生学,健康増進・疾病予防,health-policy,健康日本21と疾病予防段階,,健康日本21（第三次）の「自然に健康になれる環境づくり」は、個人の行動変容に先立つ社会環境の整備であり、0次予防に位置づけられる,,indexed_official,2020,180,,kenko-nihon-21
34-006,34,2026,6,共通,hygiene,専門基礎科目,衛生学・公衆衛生学,母子保健・児童福祉,maternal-child-health,児童虐待相談統計,,2023年度の児童虐待相談における主な虐待者は実母が最も多く（48.7%）、次いで実父（42.3%）,,indexed_official,2020,180,,hy-boshi-hoken
34-007,34,2026,7,共通,hygiene,専門基礎科目,衛生学・公衆衛生学,感染症対策・消毒,infectious-disease-control,消毒薬の種類と適応,,結核患者が使用した食器の洗浄は通常の中性洗剤で必要かつ十分で、ビグアナイド系・塩素系・逆性石けんなどの特別な消毒薬は必要ない,,indexed_official,2020,180,,kansen-sho
34-008,34,2026,8,共通,hygiene,専門基礎科目,衛生学・公衆衛生学,精神保健福祉法,mental-health-law,精神保健福祉法の入院形態と期限,,緊急措置入院は、急速を要し正規の手続きを経ることができない場合の特例であり、入院期間は72時間以内に限られる,,indexed_official,2020,180,,hy-chiiki-kokusai
34-009,34,2026,9,共通,hygiene,専門基礎科目,衛生学・公衆衛生学,学校保健,school-health,就学時健康診断の実施主体,,小学校就学予定者に対する就学時健康診断は、学校保健安全法に基づき市町村教育委員会が実施する,,indexed_official,2020,180,,hy-gakko-hoken
34-010,34,2026,10,共通,hygiene,専門基礎科目,衛生学・公衆衛生学,疫学,epidemiology,有病率・罹患率の定義,,有病率＝ある一時点で疾病を有する者の割合。罹患率＝一定期間内の新規発生の割合で、有病率とは区別される,,indexed_official,2020,180,,hy-ekigaku
34-011,34,2026,11,共通,regulations,専門基礎科目,関係法規,あはき法,hari-kyu-law,免許の効力発生と登録,,免許は試験に合格した者の申請により名簿に登録することによって行われ（あはき法第3条の3）、免許の効力は名簿登録時に発生する。卒業・試験合格・施術所開設の届出では発生しない,,indexed_official,2020,180,,rg-menkyo
34-012,34,2026,12,共通,regulations,専門基礎科目,関係法規,あはき法,hari-kyu-law,業務開始届出の要否,,専ら出張のみで業務を行う施術者は業務開始時に住所地の都道府県知事へ届出（第9条の3）。施術所の開設は開設後10日以内に所在地の知事へ届出（第9条の2）。施術所に雇われる施術者・料金改定にはこの届出は不要,,indexed_official,2020,180,,rg-seijutsujo
34-013,34,2026,13,共通,regulations,専門基礎科目,関係法規,あはき法,hari-kyu-law,罰金対象行為,,外科手術・薬品の投与・その指示は禁止（第4条）だが罰則規定はない。はり師の消毒義務（第6条）違反は30万円以下の罰金（第13条の8）,,indexed_official,2020,180,,rg-bassoku
34-014,34,2026,14,共通,regulations,専門基礎科目,関係法規,医療保険関連法規,health-insurance-law,特定健康診査・特定保健指導,,特定健康診査・特定保健指導は、高齢者の医療の確保に関する法律に基づき医療保険者に実施が義務付けられている,,indexed_official,2020,180,,rg-iryo-kanren
34-015,34,2026,15,共通,anatomy,専門基礎科目,解剖学,神経系,nervous-system,上肢末梢神経の走行,,橈骨神経は上腕骨体後面のらせん溝（橈骨神経溝）に沿って走行する。尺骨神経は上腕骨内側上顆の後面を通る,,indexed_official,2020,180,,no-shinkei
34-016,34,2026,16,共通,anatomy,専門基礎科目,解剖学,筋系,musculoskeletal-system,腹筋群の構造と機能,,鼠径靱帯は外腹斜筋の停止腱膜の下縁が肥厚したもの。精巣挙筋は内腹斜筋の筋束から形成される,,indexed_official,2020,180,,kin-kishi-teishi
34-017,34,2026,17,共通,anatomy,専門基礎科目,解剖学,脈管系,circulatory-system,内転筋管の内容物,,内転筋管（ハンター管）を通過する構造物（大腿動脈・伏在神経）を整理する,,indexed_official,2020,180,,an-junkanki
34-018,34,2026,18,共通,anatomy,専門基礎科目,解剖学,生殖器系,reproductive-system,男性生殖器の構造,,ライディッヒ細胞（間質細胞）はテストステロンなどの男性ホルモンを分泌する。精管は精嚢の導管と合流して射精管となる,,indexed_official,2020,180,,an-naizo
34-019,34,2026,19,共通,anatomy,専門基礎科目,解剖学,内分泌系,endocrine-system,ランゲルハンス島の細胞,,ランゲルハンス島のβ細胞はインスリン、α細胞はグルカゴンを分泌し、構成比はβ細胞の方が多い,,indexed_official,2020,180,,an-naibunpi
34-020,34,2026,20,共通,anatomy,専門基礎科目,解剖学,神経系,nervous-system,視覚伝導路,,視覚伝導路（網膜→視交叉→外側膝状体→視覚野）の経路と視野の対応を整理する,,indexed_official,2020,180,,an-shinkei
34-021,34,2026,21,共通,anatomy,専門基礎科目,解剖学,神経系,nervous-system,仙骨神経叢・腰神経叢の分枝,,陰部神経は仙骨神経叢の枝。閉鎖神経・腸骨鼠径神経・陰部大腿神経は腰神経叢の枝,,indexed_official,2020,180,,no-shinkei
34-022,34,2026,22,共通,anatomy,専門基礎科目,解剖学,神経系,nervous-system,副交感神経節と分布先,,涙腺に分布する副交感性節後線維の細胞体は翼口蓋神経節にある。耳神経節は耳下腺、顎下神経節は顎下腺・舌下腺に分布する,,indexed_official,2020,180,,no-shinkei
34-023,34,2026,23,共通,anatomy,専門基礎科目,解剖学,組織学,histology,細胞間接着装置の種類と機能,,タイト結合（密着結合）は隣接する細胞膜を密着させて細胞間隙を塞ぎ、水や分子の通過を制限するバリアとなる,,indexed_official,2020,180,,an-soshiki
34-024,34,2026,24,共通,physiology,専門基礎科目,生理学,内臓系,visceral-anatomy,肝臓の細胞と機能,,肝細胞はアルブミンなどの血漿タンパクを合成する。ビタミンAを貯蔵するのは伊東細胞（クッパー細胞ではない）。門脈は肝臓へ血液が流入する血管,,indexed_official,2020,180,,ph-shokaku-seiri
34-025,34,2026,25,共通,physiology,専門基礎科目,生理学,循環生理,cardiovascular-physiology,心周期と各腔の圧力,,上大静脈は体循環で最も内圧が低い部位の一つで、心臓の収縮期にも上行大動脈・顔面動脈・左心室より著しく低い,,indexed_official,2020,180,,ph-junkan-seiri
34-026,34,2026,26,共通,physiology,専門基礎科目,生理学,呼吸生理,respiratory-physiology,肺気量分画と計算式,,肺活量＝1回換気量＋予備吸気量＋予備呼気量。これに残気量を加えたものが全肺気量,,indexed_official,2020,180,,ph-kokyu-seiri
34-027,34,2026,27,共通,physiology,専門基礎科目,生理学,代謝,metabolic-physiology,糖質の分類と代謝,,グリコーゲンは肝臓や骨格筋に貯蔵される。セルロースは多糖類（単糖類ではない）。血糖値は血中グルコース濃度,,indexed_official,2020,180,,ph-taion-taisha
34-028,34,2026,28,共通,physiology,専門基礎科目,生理学,腎・排泄生理,renal-physiology,正常尿の性状と成分,,尿は水分の再吸収により尿素などの老廃物が血漿より高濃度に濃縮される。健康成人の1日尿量は約1000〜1500mL,,indexed_official,2020,180,,ph-jin-taieki-meneki
34-029,34,2026,29,共通,physiology,専門基礎科目,生理学,内分泌生理,endocrine-physiology,バソプレシンの産生・作用,,バソプレシン（抗利尿ホルモン）はペプチドホルモンで下垂体後葉から分泌され、血漿浸透圧が上昇すると分泌が増加し、腎臓の集合管で水の再吸収を促進する,,indexed_official,2020,180,,ph-naibunpi-seiri
34-030,34,2026,30,共通,physiology,専門基礎科目,生理学,生殖生理,reproductive-physiology,性周期の各期と変化,,卵胞期：エストロゲンの作用で子宮内膜が増殖・肥厚する。基礎体温の上昇・プロゲステロン分泌の増加・受精卵の着床は排卵後の黄体期,,indexed_official,2020,180,,ph-naibunpi-seiri
34-031,34,2026,31,共通,physiology,専門基礎科目,生理学,神経生理,neurophysiology,レム睡眠の特徴,,レム睡眠の特徴（急速眼球運動・脳波パターン・占有率・筋緊張低下）を整理する,,indexed_official,2020,180,,ph-shinkei-seiri
34-032,34,2026,32,共通,physiology,専門基礎科目,生理学,神経生理,neurophysiology,運動ニューロンの種類と機能,,α運動ニューロンは脊髄前角に細胞体をもち、錘外筋線維を支配して運動単位を構成する。錘内筋線維の支配・筋紡錘の感度調節はγ運動ニューロン,,indexed_official,2020,180,,ph-shinkei-seiri
34-033,34,2026,33,共通,pathology,専門基礎科目,病理学概論,病理学総論,general-pathology,全身性疾患の定義,,アミロイドーシスは全身の諸臓器にアミロイドが沈着する全身性疾患。白内障（眼）・橋本病（甲状腺）は病変が限局する疾患,,indexed_official,2020,180,,pa-shippei-keika
34-034,34,2026,34,共通,pathology,専門基礎科目,病理学概論,壊死・変性,general-pathology,壊死の種類と好発臓器,,脳梗塞では脳組織の性質（脂質に富み酵素活性が高い）から融解壊死を起こしやすい。心臓・肝臓・腎臓の梗塞では凝固壊死が典型的,,indexed_official,2020,180,,pa-saibo-shogai
34-035,34,2026,35,共通,pathology,専門基礎科目,病理学概論,循環障害,general-pathology,浮腫の発生機序と原因疾患,,浮腫の4つの機序（毛細血管内圧上昇・血漿膠質浸透圧低下・血管透過性亢進・リンパ還流障害）と原因疾患を整理する,,indexed_official,2020,180,,pa-junkan-shogai
34-036,34,2026,36,共通,pathology,専門基礎科目,病理学概論,循環障害,general-pathology,血栓・塞栓症,,深部静脈血栓が剥離した場合の塞栓先（肺動脈）を整理する,,indexed_official,2020,180,,pa-junkan-shogai
34-037,34,2026,37,共通,pathology,専門基礎科目,病理学概論,炎症,general-pathology,肉芽腫炎症と巨細胞,,ラングハンス巨細胞の由来（マクロファージ）と結核性肉芽腫の特徴を整理する,,indexed_official,2020,180,,pa-ensho
34-038,34,2026,38,共通,pathology,専門基礎科目,病理学概論,腫瘍,oncology,TNM分類の要素,,TNM分類の各要素（T:腫瘍浸潤・N:リンパ節・M:遠隔転移）と必要情報を整理する,,indexed_official,2020,180,,pa-shuyo
34-039,34,2026,39,共通,clinical-general,専門基礎科目,臨床医学総論,産婦人科疾患,gynecology,月経異常の種類と原因,,月経前症候群（PMS）の身体的・精神的症状は月経開始とともに軽快・消失する。授乳は続発性無月経、運動過多は無月経・希発月経の原因となりやすい,,indexed_official,2020,180,,cg-shokogaku
34-040,34,2026,40,共通,clinical-general,専門基礎科目,臨床医学総論,神経疾患,neurology,不随意運動の種類,,振戦はリズミカルで規則的な律動性の不随意運動。ジストニア・アテトーゼ・バリズムは持続的または不規則なパターンを示す,,indexed_official,2020,180,,cg-shokogaku
34-041,34,2026,41,共通,clinical-general,専門基礎科目,臨床医学総論,呼吸器疾患,pulmonology,呼吸器疾患の主要症状,,間質性肺炎＝乾性咳嗽（痰を伴わない咳）。細菌性肺炎＝膿性痰、気管支喘息＝夜間・早朝の咳、COPD＝労作時の慢性的な呼吸困難,,indexed_official,2020,180,,cg-shokogaku
34-042,34,2026,42,共通,clinical-general,専門基礎科目,臨床医学総論,消化器疾患,gastroenterology,消化管出血の特徴,,胃からの出血は胃酸でヘモグロビンが変性しコーヒー残渣様の吐血となる。上部消化管出血でも下血を認める。非ステロイド性鎮痛解熱薬は消化管出血を悪化させうる,,indexed_official,2020,180,,cg-shokogaku
34-043,34,2026,43,共通,clinical-general,専門基礎科目,臨床医学総論,泌尿器疾患,nephrology,尿所見の解釈,,飢餓では脂肪分解が亢進しケトン体が産生され尿中ケトン体が陽性となる。前立腺肥大は排尿障害・尿閉、脱水では尿は濃縮され高比重になる,,indexed_official,2020,180,,cg-shokogaku
34-044,34,2026,44,共通,clinical-general,専門基礎科目,臨床医学総論,血液疾患,hematology,血小板数の変動と原因疾患,,出血後は骨髄での血小板産生が反応性に亢進し血小板数が増加することがある。急性白血病・再生不良性貧血では血小板が減少する,,indexed_official,2020,180,,cg-shokogaku
34-045,34,2026,45,共通,clinical-general,専門基礎科目,臨床医学総論,神経・筋疾患,neurology,筋疾患の特徴的症状,,登はん性起立（ガワーズ徴候）とデュシェンヌ型筋ジストロフィーの特徴を整理する,,indexed_official,2020,180,,cg-shokogaku
34-046,34,2026,46,共通,clinical-general,専門基礎科目,臨床医学総論,治療学,clinical-general,治療の種類（原因療法・対症療法）,,原因療法＝原因そのものを取り除く治療（脚気へのビタミンB1投与）。対症療法＝症状を軽減する治療（鎮咳薬・解熱薬・鎮痛薬の投与）,,indexed_official,2020,180,,cg-chiryo-gaku
34-047,34,2026,47,共通,clinical-general,専門基礎科目,臨床医学総論,皮膚・感染症,dermatology,疾患特異的皮膚粘膜所見,,麻疹（コプリック斑）・SLE（蝶形紅斑）・皮膚筋炎（ヘリオトロープ疹）など疾患特異的皮膚所見を整理する,,indexed_official,2020,180,,cg-shokogaku
34-048,34,2026,48,共通,clinical-general,専門基礎科目,臨床医学総論,循環器疾患,cardiology,心音の変化と疾患,,僧帽弁狭窄症ではⅠ音（僧帽弁閉鎖音）が亢進する。COPD・心嚢液貯留・肥満は心音が減弱する要因となる,,indexed_official,2020,180,,cg-shokogaku
34-049,34,2026,49,共通,clinical-specific,専門基礎科目,臨床医学各論,感染症,infectious-disease,帯状疱疹の特徴,,帯状疱疹は水痘帯状疱疹ウイルスの再活性化で生じ（初感染は水痘）、皮疹は神経支配領域に沿って片側性に出現する。ワクチンで予防可能,,indexed_official,2020,180,,cs-kansen
34-050,34,2026,50,共通,clinical-specific,専門基礎科目,臨床医学各論,精神疾患,neurology,パニック障害の症状と治療,,パニック発作は特定の場所や時間に関係なく突然かつ予期せず出現する。発作は通常短時間でピークに達し、薬物療法は有効,,indexed_official,2020,180,,cs-seishin
34-051,34,2026,51,共通,clinical-specific,専門基礎科目,臨床医学各論,神経疾患,neurology,脳性麻痺の特徴と分類,,脳性麻痺は非進行性の脳病変に基づく運動障害で、麻痺の程度と精神発達遅滞の程度は必ずしも一致しない。病型は痙直型が最多で、痙縮にはボツリヌス毒素治療が適応となる,,indexed_official,2020,180,,cs-shinkeikin
34-052,34,2026,52,共通,clinical-specific,専門基礎科目,臨床医学各論,呼吸器疾患,pulmonology,小児気管支喘息の特徴,,小児気管支喘息の型・発作時の症状・管理・予後（思春期寛解）を整理する,,indexed_official,2020,180,,cs-kokyuki
34-053,34,2026,53,共通,clinical-specific,専門基礎科目,臨床医学各論,消化器疾患,gastroenterology,膵癌の危険因子,,膵癌の主要危険因子（糖尿病・慢性膵炎・喫煙・肥満等）を整理する,,indexed_official,2020,180,,cs-shokaki
34-054,34,2026,54,共通,clinical-specific,専門基礎科目,臨床医学各論,消化器疾患,gastroenterology,アルコール性肝障害の特徴,,アルコール性肝障害：同じ飲酒量では女性の方が肝障害を起こしやすい。治療の基本は禁酒、γ-GT高値、肝生検は診断に有用,,indexed_official,2020,180,,cs-shokaki
34-055,34,2026,55,共通,clinical-specific,専門基礎科目,臨床医学各論,腫瘍,oncology,乳癌の特徴,,乳癌の主な症状は乳房のしこり。まれに男性にも発症し、転移は腋窩リンパ節に生じやすい。エストロゲンは増悪因子となるため補充療法は行わない,,indexed_official,2020,180,,cs-hifu-shuyo
34-056,34,2026,56,共通,clinical-specific,専門基礎科目,臨床医学各論,循環器疾患,cardiology,心房細動の特徴,,心房細動は心房内血栓による脳梗塞（心原性脳塞栓症）の原因となる。原因に甲状腺機能亢進症が多く、高齢者に好発し、薬物療法は有効,,indexed_official,2020,180,,cs-junkanki
34-057,34,2026,57,共通,clinical-specific,専門基礎科目,臨床医学各論,循環器疾患,cardiology,冠攣縮性狭心症の特徴,,冠攣縮性狭心症は冠動脈の攣縮により夜間から早朝にかけて発症しやすい。血栓性の狭窄ではなく、ニトログリセリンは有効,,indexed_official,2020,180,,cs-junkanki
34-058,34,2026,58,共通,clinical-specific,専門基礎科目,臨床医学各論,腎臓疾患,nephrology,ネフローゼ症候群の分類,,一次性・二次性ネフローゼ症候群の分類と原因疾患（糖尿病性腎症等）を整理する,,indexed_official,2020,180,,cs-jin-hinyoki
34-059,34,2026,59,共通,clinical-specific,専門基礎科目,臨床医学各論,循環器疾患,cardiology,高血圧症の管理と治療,,高血圧症の薬物治療は安静時（診察室・家庭）血圧に基づいて行う。常習的な飲酒は血圧上昇に関与し、運動は血圧管理に有効,,indexed_official,2020,180,,cs-junkanki
34-060,34,2026,60,共通,clinical-specific,専門基礎科目,臨床医学各論,内分泌・代謝疾患,endocrinology,糖尿病合併症,,糖尿病の細小血管障害（網膜症・腎症・神経障害）と大血管障害の区別を整理する,,indexed_official,2020,180,,cs-naibunpi
34-061,34,2026,61,共通,clinical-specific,専門基礎科目,臨床医学各論,末梢神経障害,neurology,手根管症候群の原因疾患,,手根管症候群の原因疾患（肥満・妊娠・甲状腺機能低下・人工透析等）と病態を整理する,,indexed_official,2020,180,,cs-shinkeikin
34-062,34,2026,62,共通,clinical-specific,専門基礎科目,臨床医学各論,副腎疾患,endocrinology,褐色細胞腫の症状と所見,,褐色細胞腫（カテコールアミン過剰分泌）による血圧上昇・発汗・体重減少の特徴を整理する,,indexed_official,2020,180,,cs-jin-hinyoki
34-063,34,2026,63,共通,clinical-specific,専門基礎科目,臨床医学各論,スポーツ外傷,orthopedics,スポーツ外傷・障害と罹患部位,,野球肘（外側型）＝上腕骨小頭。オスグッド病＝脛骨粗面、ジャンパー膝＝膝蓋骨・膝蓋腱、マレット指＝末節骨基部,,indexed_official,2020,180,,cs-gaisho
34-064,34,2026,64,共通,clinical-specific,専門基礎科目,臨床医学各論,感染症,infectious-disease,肺炎の原因別分類,,細菌性・ウイルス性・真菌性・非定型肺炎の代表疾患（ニューモシスチス等）を整理する,,indexed_official,2020,180,,cs-kansen
34-065,34,2026,65,共通,clinical-specific,専門基礎科目,臨床医学各論,泌尿器疾患,urology,前立腺肥大症の症状と特徴,,前立腺肥大症の症状（夜間頻尿・排尿困難）とPSA高値・前立腺癌との鑑別を整理する,,indexed_official,2020,180,,cs-jin-hinyoki
34-066,34,2026,66,共通,clinical-specific,専門基礎科目,臨床医学各論,骨関節疾患,orthopedics,変形性股関節症の治療,,変形性股関節症の治療法（保存療法・人工関節置換術）と不適切な処置（ギプス固定）を整理する,,indexed_official,2020,180,,cs-hentai-kansetsu
34-067,34,2026,67,共通,clinical-specific,専門基礎科目,臨床医学各論,血液疾患,hematology,血友病の遺伝様式と病態,,血友病のX連鎖性潜性遺伝・欠乏凝固因子（Ⅷ or Ⅸ）・出血傾向の特徴を整理する,,indexed_official,2020,180,,cs-ketsueki
34-068,34,2026,68,共通,clinical-specific,専門基礎科目,臨床医学各論,代謝疾患,endocrinology,痛風の特徴と発症要因,,痛風の高尿酸血症・発作部位・飲酒との関係・非飲酒者の発症可能性を整理する,,indexed_official,2020,180,,cs-naibunpi
34-069,34,2026,69,共通,clinical-specific,専門基礎科目,臨床医学各論,脳血管疾患,neurology,一過性脳虚血発作（TIA）の特徴,,TIAの定義・24時間以内消失・MRI所見なし・脳梗塞との違いを整理する,,indexed_official,2020,180,,cs-nokekkan
34-070,34,2026,70,共通,clinical-specific,専門基礎科目,臨床医学各論,認知症,neurology,レビー小体型認知症の特徴的症状,,レビー小体型認知症の幻視・変動する認知機能・パーキンソン症状を整理する,,indexed_official,2020,180,,cs-ninchisho
34-071,34,2026,71,共通,rehabilitation,専門基礎科目,リハビリテーション医学,神経疾患,neurology,痙縮の特徴と病態,,痙縮（上位運動ニューロン障害）と固縮（歯車現象・錐体外路障害）の違いを整理する,,indexed_official,2020,180,,rh-shinkei-undoki
34-072,34,2026,72,共通,rehabilitation,専門基礎科目,リハビリテーション医学,先天性神経疾患,neurology,二分脊椎の特徴と合併症,,二分脊椎は神経管閉鎖不全による先天性の脊髄疾患。水頭症を合併することが多く、病変レベルが高いほど障害は重度。皮膚陥凹などの皮膚病変を伴うこともある,,indexed_official,2020,180,,rh-shinkei-undoki
34-073,34,2026,73,共通,rehabilitation,専門基礎科目,リハビリテーション医学,高齢者医学,rehabilitation,フレイルの診断基準,,改訂日本版フレイル基準の5項目（体重減少・疲労感・歩行速度低下・握力低下・活動量低下）を整理する,,indexed_official,2020,180,,rh-haiyo-frailty
34-074,34,2026,74,共通,rehabilitation,専門基礎科目,リハビリテーション医学,医療専門職,rehabilitation,医療専門職の業務内容,,作業療法士は自助具の作製・活用でADLの自立を支援する。義肢装具士は医師の処方に基づき義肢装具を製作する（処方は医師が行う）,,indexed_official,2020,180,,rh-team
34-075,34,2026,75,共通,rehabilitation,専門基礎科目,リハビリテーション医学,歩行障害,rehabilitation,異常歩行パターンと原因疾患,,突進歩行＝パーキンソン病。はさみ脚歩行は痙性対麻痺、分回し歩行は片麻痺、トレンデレンブルグ歩行は中殿筋機能不全でみられる,,indexed_official,2020,180,,rh-team
34-076,34,2026,76,共通,rehabilitation,専門基礎科目,リハビリテーション医学,切断・義肢,rehabilitation,幻肢痛の特徴と管理,,幻肢痛は小児では出現しにくい（正答）。断端創が治癒しても残存することがあり、義足の使用は疼痛の軽減を待たずに早期から行う,,indexed_official,2020,180,,rh-gishi-sogu
34-077,34,2026,77,共通,rehabilitation,専門基礎科目,リハビリテーション医学,リウマチ性疾患,orthopedics,関節リウマチの特徴的症状,,関節リウマチに特徴的な症状は環軸関節亜脱臼で、関節腫脹は左右対称性に生じる（非対称性ではない）,,indexed_official,2020,180,,rh-shinkei-undoki
34-078,34,2026,78,共通,rehabilitation,専門基礎科目,リハビリテーション医学,社会福祉法規,welfare-law,身体障害者福祉法の定義と対象,,身体障害者福祉法の身体障害は肢体不自由・視覚障害・聴覚平衡機能障害・音声言語機能障害・内部障害等であり、発達障害は同法の対象ではない,,indexed_official,2020,180,,rh-team
34-079,34,2026,79,共通,rehabilitation,専門基礎科目,リハビリテーション医学,補装具,rehabilitation,作業療法と補装具の種類,,作業療法士が主に使用する補装具（義手）と職種別の補装具の使用を整理する,,indexed_official,2020,180,,rh-gishi-sogu
34-080,34,2026,80,共通,rehabilitation,専門基礎科目,リハビリテーション医学,脊髄損傷,rehabilitation,高齢者脊髄損傷の受傷原因,,高齢者外傷性脊髄損傷の受傷原因別頻度（転倒・転落が最多）を整理する,,indexed_official,2020,180,,rh-sekizui
34-081,34,2026,81,共通,rehabilitation,専門基礎科目,リハビリテーション医学,呼吸器疾患,pulmonology,閉塞性換気障害と疾患,,閉塞性換気障害（喘息・COPD）と拘束性換気障害（間質性肺炎・高度肥満等）の疾患を整理する,,indexed_official,2020,180,,rh-naibu-shogai
34-082,34,2026,82,共通,rehabilitation,専門基礎科目,リハビリテーション医学,ICF,rehabilitation,ICFの生活機能モデル,,ICFの生活機能（心身機能・活動・参加）と健康状態・背景因子（環境・個人）の構成を整理する,,indexed_official,2020,180,,rh-soron
34-083,34,2026,83,共通,clinical-specific,専門基礎科目,臨床医学各論,整形外科・スポーツ障害,orthopedics,スポーツ障害の鑑別（シンスプリント・疲労骨折）,,練習量増加に伴う下腿中央部の痛み・腫脹、X線での骨皮質肥厚、安静時・夜間痛がないことは、オーバーユースによる脛骨疲労骨折に典型的な所見,,indexed_official,2020,180,,cs-gaisho
34-084,34,2026,84,共通,clinical-specific,専門基礎科目,臨床医学各論,整形外科・スポーツ障害,orthopedics,疲労骨折への対応,,疲労骨折への適切な対応（運動制限・患部安静・誘因動作の中止）を整理する,,indexed_official,2020,180,,cs-gaisho
34-085,34,2026,85,共通,clinical-specific,専門基礎科目,臨床医学各論,高次脳機能障害,neurology,高次脳機能障害の鑑別,,身体麻痺がなく排泄動作は自立しているのに、トイレに行くこと自体を忘れて失禁する→計画・実行を司る遂行機能の障害を示唆,,indexed_official,2020,180,,cs-nokekkan
34-086,34,2026,86,共通,rehabilitation,専門基礎科目,リハビリテーション医学,高次脳機能障害,rehabilitation,高次脳機能障害への家族支援,,遂行機能障害患者への家族支援方法（視覚的手順提示・環境調整）を整理する,,indexed_official,2020,180,,rh-engo-shogai
34-087,34,2026,87,共通,clinical-specific,専門基礎科目,臨床医学各論,頸椎疾患,neurology,頸椎症性神経根症の神経学的所見,,C6神経根障害の特徴（腕橈骨筋腱反射減弱・橈側前腕〜母指しびれ）を整理する,,indexed_official,2020,180,,cs-sekitsui
34-088,34,2026,88,共通,clinical-specific,専門基礎科目,臨床医学各論,頸椎疾患,neurology,頸椎症性神経根症の筋力評価,,C6神経根障害で低下する筋力（手関節背屈・上腕二頭筋）を整理する,,indexed_official,2020,180,,cs-sekitsui
34-089,34,2026,89,共通,clinical-specific,専門基礎科目,臨床医学各論,乳腺腫瘍,oncology,乳癌の初期検査,,触知可能な乳房腫瘤の初期検査には、被曝がなく若年層の乳腺評価にも適した超音波検査が適切,,indexed_official,2020,180,,cs-fujinka-nyusen
34-090,34,2026,90,共通,clinical-specific,専門基礎科目,臨床医学各論,乳腺腫瘍,oncology,乳癌の確定診断,,乳癌の診断確定に必要な検査（病理組織検査）と各画像検査の役割を整理する,,indexed_official,2020,180,,cs-fujinka-nyusen
34-091,34,2026,91,共通,oriental-overview,専門科目,東洋医学概論,陰陽論,tcm-fundamentals,陰陽の生理（陰の機能）,,陰陽の生理（陰：寧静・滋潤・濡養、陽：気化・温煦・推動・固摂・防御）を整理する,,indexed_official,2020,180,,in-yo-ron
34-092,34,2026,92,共通,oriental-overview,専門科目,東洋医学概論,気の種類,tcm-fundamentals,気の種類と機能（衛気・営気・宗気・原気）,,衛気・営気・宗気・原気の特徴と主な機能（腠理開闔は衛気）を整理する,,indexed_official,2020,180,,ki-ketsu-shin-eki
34-093,34,2026,93,共通,oriental-overview,専門科目,東洋医学概論,五神と臓腑,tcm-fundamentals,五神と臓腑の対応,,五神（神・魂・魄・意・志）と対応する臓（心・肝・肺・脾・腎）を整理する,,indexed_official,2020,180,,zo-sho
34-094,34,2026,94,共通,oriental-overview,専門科目,東洋医学概論,精・気・血・水,tcm-fundamentals,精・天癸と生殖機能,,精・気・血・水（津液）の特徴と精（天癸・生殖機能）の役割を整理する,,indexed_official,2020,180,,ki-ketsu-shin-eki
34-095,34,2026,95,共通,oriental-overview,専門科目,東洋医学概論,六腑の機能,tcm-fundamentals,六腑の機能（三焦）,,六腑（胆・小腸・胃・大腸・膀胱・三焦）の機能と三焦の原気通路としての役割を整理する,,indexed_official,2020,180,,zo-sho
34-096,34,2026,96,共通,oriental-overview,専門科目,東洋医学概論,経脈の気血,meridians-acupoints,経脈の気血の多少,,太陰経と少陽経はいずれも気血の多少が「多気少血」とされる経脈,,indexed_official,2020,180,,ki-ketsu-shin-eki
34-097,34,2026,97,共通,oriental-overview,専門科目,東洋医学概論,六淫,tcm-fundamentals,六淫（風邪）の性質,,風邪は上部（頭部・体表）を侵しやすく、発汗を生じやすく、他の邪気を先導するため「百病の長」といわれる。燥邪を伴うことは風邪の代表的な性質ではない,,indexed_official,2020,180,,roku-in
34-098,34,2026,98,共通,oriental-overview,専門科目,東洋医学概論,病因論,tcm-fundamentals,三毒説・病因分類,,三毒＝瘀血（血毒）・水毒・食毒。飲食不節は食毒に直接関係する,,indexed_official,2020,180,,shichi-jo
34-099,34,2026,99,共通,oriental-overview,専門科目,東洋医学概論,弁証論治,tcm-clinical,肝気犯胃の症候,,肝気犯胃・肝脾不和の症候（胸苦しさ・噯気・放屁・脹り感）を整理する,,indexed_official,2020,180,,oo-shinsatsu-bensho
34-100,34,2026,100,共通,oriental-overview,専門科目,東洋医学概論,弁証論治,tcm-clinical,陰虚内熱の症候,,陰虚内熱の症候（午後の微熱・五心煩熱・盗汗・頬の発赤・脈細数）を整理する,,indexed_official,2020,180,,oo-shinsatsu-bensho
34-101,34,2026,101,共通,oriental-overview,専門科目,東洋医学概論,弁証・舌診,tcm-clinical,胃熱の症候と舌所見,,胃熱（胃火上炎）の典型症候（呑酸・げっぷ・食後空腹感）と舌苔（黄苔）を整理する,,indexed_official,2020,180,,oo-shinsatsu-bensho
34-102,34,2026,102,共通,oriental-overview,専門科目,東洋医学概論,経脈病証,meridians-acupoints,十二経脈病証（手の少陰心経）,,手の少陰心経病証（霊枢経脈篇）：咽喉の乾き・心痛・渇いて飲み物を欲する・目の黄ばみ・脇痛・手掌のほてりと痛み,,indexed_official,2020,180,,oo-keiraku-keimyaku
34-103,34,2026,103,共通,oriental-overview,専門科目,東洋医学概論,奇経病証,meridians-acupoints,奇経八脈病証（衝脈）,,脊柱のこわばり・頭痛・心臓部痛・足の冷え・遺尿は、脊柱を通る督脈の病証に一致する,,indexed_official,2020,180,,oo-keiraku-keimyaku
34-104,34,2026,104,共通,oriental-overview,専門科目,東洋医学概論,四診法,tcm-diagnosis,四診法の分類（神・聖・工・巧）,,難経六十一難：望診＝神、聞診＝聖、問診＝工、切診＝巧。発汗は望診や切診で確認できるが、聞診（聖）では直接診られない,,indexed_official,2020,180,,oo-shinsatsu-bensho
34-105,34,2026,105,共通,oriental-overview,専門科目,東洋医学概論,経脈病証,meridians-acupoints,足の経脈病証（足の厥陰経）,,足の厥陰肝経病証（霊枢経脈篇）：腰痛で前後屈（俛仰）ができない・下腹部の腫れ・咽喉の乾き・顔色がすすける（面塵脱色）・胸満・嘔逆・下痢（飧泄）,,indexed_official,2020,180,,oo-keiraku-keimyaku
34-106,34,2026,106,共通,oriental-overview,専門科目,東洋医学概論,刺鍼法,acupuncture-technique,十二刺（偶刺）,,偶刺：心痺（胸痛）に対し、胸部と背部の痛む所を前後から1鍼ずつ刺す十二刺の一つ,,indexed_official,2020,180,,oo-chiryo-gairon
34-107,34,2026,107,共通,meridians-acupoints,専門科目,経絡経穴概論,経脈の循行,meridians-acupoints,足太陰脾経の循行と交会,,足太陰脾経の循行経路（足→腹部→任脈・胆経・肝経と交会→舌根・舌下）を整理する,,indexed_official,2020,180,,juni-kei-myaku
34-108,34,2026,108,共通,meridians-acupoints,専門科目,経絡経穴概論,奇経八脈,meridians-acupoints,奇経八脈の特徴,,奇経八脈の特徴（属絡・表裏関係なし・十二正経と交会する）を整理する,,indexed_official,2020,180,,kiki-hachi-myaku
34-109,34,2026,109,共通,meridians-acupoints,専門科目,経絡経穴概論,特定穴,meridians-acupoints,特定穴（募穴）の特徴,,募穴は胸腹部（陰）にあり、背部（陽）の兪穴と表裏（前後）の関係にある（正答・難経六十七難「募は陰に在り、兪は陽に在り」）。「臓腑の気が注ぐところ」は募穴の説明として誤り,,indexed_official,2020,180,,bo-ketsu
34-110,34,2026,110,共通,meridians-acupoints,専門科目,経絡経穴概論,奇穴,meridians-acupoints,天応穴（阿是穴）の特徴,,天応穴（阿是穴）の特徴（病態と関連して出現）と経穴・奇穴との違いを整理する,,indexed_official,2020,180,,me-kiketsu
34-111,34,2026,111,共通,meridians-acupoints,専門科目,経絡経穴概論,取穴法,meridians-acupoints,指寸法（1横指の基準）,,頬車：下顎角の前上方1横指（中指）。指寸法の1横指は中指の幅,,indexed_official,2020,180,,me-kotsudo-shuketsu
34-112,34,2026,112,共通,meridians-acupoints,専門科目,経絡経穴概論,特定穴,meridians-acupoints,八脈交会穴と対応奇経,,任脈は「陰脈の海」として陰経を総括し、その八脈交会穴は列欠,,indexed_official,2020,180,,me-sonota-tokketsu
34-113,34,2026,113,共通,meridians-acupoints,専門科目,経絡経穴概論,骨度法,meridians-acupoints,頭部の骨度法と経穴間距離,,眉間〜前髪際は3寸。神庭は前髪際の上方5分にあるため、神庭〜眉間は3寸5分,,indexed_official,2020,180,,me-kotsudo-shuketsu
34-114,34,2026,114,共通,meridians-acupoints,専門科目,経絡経穴概論,背部経穴,meridians-acupoints,背部経穴と体表指標の対応,,肩甲骨上角は第2胸椎棘突起の高さの指標で、第3胸椎棘突起下の身柱の指標ではない。至陽（第7胸椎）＝肩甲骨下角、命門（第2腰椎）＝第12肋骨先端、腰陽関（第4腰椎）＝腸骨稜最高点,,indexed_official,2020,180,,juni-kei-myaku
34-115,34,2026,115,共通,meridians-acupoints,専門科目,経絡経穴概論,胸部経穴,meridians-acupoints,胸部経穴と体表指標の対応,,鎖骨下縁で乳頭線（前正中線の外方4寸）上にあるのは気戸。兪府は鎖骨下縁で外方2寸、庫房は第1肋間で外方4寸、気舎は小鎖骨上窩,,indexed_official,2020,180,,juni-kei-myaku
34-116,34,2026,116,共通,meridians-acupoints,専門科目,経絡経穴概論,経穴と神経,meridians-acupoints,経穴と末梢神経の分布,,陰陵泉は下腿内側にあり、伏在神経の分布領域に位置する,,indexed_official,2020,180,,juni-kei-myaku
34-117,34,2026,117,共通,meridians-acupoints,専門科目,経絡経穴概論,個別経穴,meridians-acupoints,少海穴の部位と特徴,,少海穴の部位・五行穴属性（心経合穴・水穴）・刺鍼方向と到達筋を整理する,,indexed_official,2020,180,,juni-kei-myaku
34-118,34,2026,118,共通,meridians-acupoints,専門科目,経絡経穴概論,上肢経穴,meridians-acupoints,上腕部経穴の解剖学的位置,,天泉＝上腕二頭筋の長頭と短頭の間（腋窩横紋前端の下方2寸）。天府＝上腕二頭筋外側縁、青霊＝上腕二頭筋内側縁、臂臑＝三角筋前縁,,indexed_official,2020,180,,juni-kei-myaku
34-119,34,2026,119,共通,meridians-acupoints,専門科目,経絡経穴概論,顔面部経穴,meridians-acupoints,耳前部3穴の位置と所属経脈,,耳前部3穴（聴宮・聴会・耳門）の位置の違いと所属経脈（小腸経・胆経・三焦経）を整理する,,indexed_official,2020,180,,juni-kei-myaku
34-120,34,2026,120,共通,meridians-acupoints,専門科目,経絡経穴概論,特定穴,meridians-acupoints,五兪穴の適応症と腎経の部位,,難経六十八難：合は逆気して泄するを主る（のぼせ・失禁）。腎経の合水穴＝陰谷（膝後内側、半腱様筋腱の外縁、膝窩横紋上）,,indexed_official,2020,180,,go-yu-ketsu
34-121,34,2026,121,共通,meridians-acupoints,専門科目,経絡経穴概論,特定穴（原穴）,meridians-acupoints,原穴の部位と主治（体重節痛・原気）,,原穴は三焦の原気が注ぐ穴。陽経の原穴は五行穴の輸穴とは別穴。体重節痛に用いる各原穴の部位を整理する,,indexed_official,2020,180,,gen-ketsu
34-122,34,2026,122,共通,meridians-acupoints,専門科目,経絡経穴概論,特定穴（郄穴）,meridians-acupoints,郄穴の部位と所属経脈,,会宗（三焦経の郄穴）＝前腕後面、尺骨の橈側縁、手関節背側横紋の上方3寸,,indexed_official,2020,180,,geki-ketsu
34-123,34,2026,123,共通,meridians-acupoints,専門科目,経絡経穴概論,特定穴（絡穴）,meridians-acupoints,絡穴の部位と所属経脈,,絡穴15穴の部位と各経の絡穴名（豊隆・列缺・支正等）を整理する,,indexed_official,2020,180,,me-sonota-tokketsu
34-124,34,2026,124,共通,meridians-acupoints,専門科目,経絡経穴概論,特定穴（八会穴）,meridians-acupoints,八会穴と募穴の重複（気会＝膻中）,,八会穴8穴の主治と、募穴を兼ねる穴（気会＝膻中は心包の募穴）を整理する,,indexed_official,2020,180,,me-sonota-tokketsu
34-125,34,2026,125,共通,meridians-acupoints,専門科目,経絡経穴概論,特定穴（八総穴）,meridians-acupoints,八総穴（八脈交会穴）の部位と対応奇経,,八総穴の申脈＝外果尖の直下、外果下縁と踵骨の間の陥凹部（正答）。選択肢①は下巨虚、②（外果尖の上方3寸）は懸鍾（髄会）、④は委中。光明（胆経の絡穴）は外果尖の上方5寸,,indexed_official,2020,180,,me-sonota-tokketsu
34-126,34,2026,126,共通,meridians-acupoints,専門科目,経絡経穴概論,刺鍼リスク,acupuncture-technique,危険部位への深刺リスク（亜門と延髄損傷）,,瘂門（第2頸椎棘突起上方の陥凹部）は後頸部で大後頭孔に近く、深刺すると延髄損傷の危険性が最も高い,,indexed_official,2020,180,,me-shishin-anzen
34-127,34,2026,127,共通,oriental-clinical,専門科目,東洋医学臨床論,徒手検査,orthopedics,坐骨神経痛の徒手検査（ラセーグテスト）,,ラセーグテスト：背臥位で股関節・膝関節90度屈曲位から膝関節のみを伸展し、下肢後面の疼痛誘発を確認する,,indexed_official,2020,180,,oc-undoki-shinkei
34-128,34,2026,128,共通,oriental-clinical,専門科目,東洋医学臨床論,頭痛,neurology,慢性頭痛の分類（緊張型頭痛）,,頭部両側・後頸部の締め付けられるような痛みが月15回以上あり、鎮痛薬の使用は少ない→慢性緊張型頭痛,,indexed_official,2020,180,,oc-kakka-chiryo
34-129,34,2026,129,共通,oriental-clinical,専門科目,東洋医学臨床論,脊椎・骨疾患,orthopedics,骨粗鬆症の症状と鑑別診断,,骨粗鬆症の典型像（円背・圧迫骨折・血液MRI正常）と骨軟化症・転移性骨腫瘍・骨髄腫との鑑別を整理する,,indexed_official,2020,180,,oc-undoki-shinkei
34-130,34,2026,130,共通,oriental-clinical,専門科目,東洋医学臨床論,脊椎疾患,orthopedics,頸椎症性脊髄症と神経根症の鑑別,,頸椎症性脊髄症（両側・腱反射亢進・歩行障害）と神経根症（一側・腱反射低下）の違いを整理する,,indexed_official,2020,180,,oc-undoki-shinkei
34-131,34,2026,131,共通,oriental-clinical,専門科目,東洋医学臨床論,肩関節,rehabilitation,肩関節内旋制限の施術対象筋,,肩関節内旋制限→外旋筋（棘下筋・小円筋）の緊張が原因。施術対象筋と肩の内外旋筋の整理をする,,indexed_official,2020,180,,oc-undoki-shinkei
34-132,34,2026,132,共通,oriental-clinical,専門科目,東洋医学臨床論,腰椎疾患,orthopedics,腰椎椎間板ヘルニアの神経根別症状,,L4・L5・S1各神経根の支配筋・感覚・腱反射（L4→膝蓋腱、S1→アキレス腱）を整理する,,indexed_official,2020,180,,oc-undoki-shinkei
34-133,34,2026,133,共通,oriental-clinical,専門科目,東洋医学臨床論,末梢神経絞扼,acupuncture-technique,尺骨神経絞扼（ギヨン管症候群）への治療穴,,手背のしびれの有無による肘部管症候群とギヨン管症候群（手関節部の尺骨神経絞扼）の鑑別と絞扼部近傍穴（神門）を整理する,,indexed_official,2020,180,,oc-undoki-shinkei
34-134,34,2026,134,共通,oriental-clinical,専門科目,東洋医学臨床論,末梢神経痛,acupuncture-technique,三叉神経領域と局所治療穴,,三叉神経の三枝（眼神経・上顎神経・下顎神経）の分布領域と局所経穴（鼻尖→眼神経（第1枝）→陽白）を整理する,,indexed_official,2020,180,,oc-kakka-chiryo
34-135,34,2026,135,共通,oriental-clinical,専門科目,東洋医学臨床論,血管疾患,cardiology,閉塞性動脈硬化症のフォンテイン分類,,フォンテイン分類（I〜IV度）の各段階症状（冷感・間欠性跛行・安静時痛・壊死）を整理する,,indexed_official,2020,180,,oc-undoki-shinkei
34-136,34,2026,136,共通,oriental-clinical,専門科目,東洋医学臨床論,皮膚疾患,dermatology,アトピー性皮膚炎の生活指導（誤り問題）,,アトピー性皮膚炎のスキンケア指導（保湿・アレルゲン除去・発汗後シャワー）と禁止事項を整理する,,indexed_official,2020,180,,oc-undoki-shinkei
34-137,34,2026,137,共通,oriental-clinical,専門科目,東洋医学臨床論,頸肩腕症候群,orthopedics,VDT症候群の特徴と鑑別（頸椎疾患との鑑別）,,VDT症候群（眼疲労・頸肩鈍痛・神経学的異常なし）と頸椎椎間板ヘルニア・胸郭出口症候群との鑑別を整理する,,indexed_official,2020,180,,oc-undoki-shinkei
34-138,34,2026,138,共通,oriental-clinical,専門科目,東洋医学臨床論,末梢神経麻痺,acupuncture-technique,橈骨神経麻痺の施術部位（前腕後側の伸筋群）,,橈骨神経麻痺（下垂手）で萎縮する筋（前腕伸筋群）と施術部位（前腕後側）を整理する,,indexed_official,2020,180,,oc-undoki-shinkei
34-139,34,2026,139,共通,oriental-clinical,専門科目,東洋医学臨床論,スポーツ障害,acupuncture-technique,スポーツ障害と罹患筋・治療穴の適切な組合せ,,オスグッド病は大腿四頭筋（膝蓋腱付着部）の牽引による障害であり、大腿四頭筋上にある伏兎が治療穴として適切,,indexed_official,2020,180,,oc-undoki-shinkei
34-140,34,2026,140,共通,oriental-clinical,専門科目,東洋医学臨床論,膝関節疾患,orthopedics,腸脛靱帯炎（グラスピングテスト陽性）,,腸脛靱帯炎の特徴（膝外側痛・グラスピングテスト陽性・ランナー膝）と膝外側の靱帯鑑別を整理する,,indexed_official,2020,180,,oc-undoki-shinkei
34-141,34,2026,141,共通,oriental-clinical,専門科目,東洋医学臨床論,五行穴補瀉,acupuncture-technique,五行穴の迎随補瀉（消穀善飢の実熱に瀉法）,,迎随の補瀉：流注に逆らって刺すのが迎（瀉）、流注に沿って刺すのが随（補）。胃熱（消穀善飢・滑数脈）→身熱を主る胃経の滎穴・内庭を瀉す→下行する胃経では鍼尖を近位の陥谷の方向へ,,indexed_official,2020,180,,oc-keiraku-chiryo
34-142,34,2026,142,共通,oriental-clinical,専門科目,東洋医学臨床論,難経六十九難,acupuncture-technique,難経六十九難（母穴虚補法）の取穴部位,,難経六十九難「虚者補其母」の法則と脾虚に対する母（心・火）の五行穴の取穴部位（上肢・手掌部の少府）を整理する,,indexed_official,2020,180,,oc-keiraku-chiryo
34-143,34,2026,143,共通,oriental-clinical,専門科目,東洋医学臨床論,十二刺,acupuncture-technique,痛痹への十二刺（寒痹に輸刺）,,十二刺の斉刺：中央に1鍼、両傍に2鍼を刺し、寒気が小さく深いもの（限局した深部の痛痺）に用いる（正答）。輸刺は気盛んで熱する者、偶刺は心痺、直鍼刺は寒気の浅い者に用いる,,indexed_official,2020,180,,oc-keiraku-chiryo
34-144,34,2026,144,共通,oriental-clinical,専門科目,東洋医学臨床論,浮腫の弁証,tcm-clinical,陽水と陰水の鑑別（風熱犯肺→陽水）,,陽水（急性・眼瞼から発症・風邪等外因）と陰水（緩徐・腰以下・脾腎虚等内因）の違いを整理する,,indexed_official,2020,180,,oc-kiketsu-bensho
34-145,34,2026,145,共通,oriental-clinical,専門科目,東洋医学臨床論,原絡配穴法,acupuncture-technique,原絡配穴法（心包経主＋三焦経絡穴）,,原絡配穴法の原則（主経の原穴＋表裏経の絡穴）と動悸・胸苦し→大陵、耳鳴り→外関の組合せを整理する,,indexed_official,2020,180,,oc-keiraku-chiryo
34-146,34,2026,146,共通,oriental-clinical,専門科目,東洋医学臨床論,肝の弁証,tcm-clinical,肝鬱化火の弁証（いらだち後の熱証）,,肝気鬱結→肝鬱化火への移行と、肝陽上亢との鑑別（化火：便秘・尿黄・舌紅苔黄・弦数脈）を整理する,,indexed_official,2020,180,,oc-zofu-bensho
34-147,34,2026,147,共通,oriental-clinical,専門科目,東洋医学臨床論,腎陽虚の治療,acupuncture-technique,腎陽虚の弁証と治療穴（命門）,,腎陽虚の症候（下肢冷・朝方下痢・抜け毛・細弱脈・舌淡）と温補腎陽の治療穴（命門・腎兪）を整理する,,indexed_official,2020,180,,oc-kiketsu-bensho
34-148,34,2026,148,共通,oriental-clinical,専門科目,東洋医学臨床論,八脈交会穴,acupuncture-technique,八脈交会穴の適応と取穴（帯脈証→足臨泣）,,帯脈病（腹部の脹り・腰のすわりが悪い）と陽維脈病（寒熱往来）（難経二十九難）→帯脈の八脈交会穴・足臨泣（陽維脈の外関と組）を下肢で用いる,,indexed_official,2020,180,,oc-keiraku-chiryo
34-149,34,2026,149,共通,oriental-clinical,専門科目,東洋医学臨床論,帯下の弁証,tcm-clinical,帯下病の弁証（脾虚湿盛）,,白色で無臭・粘稠な帯下の持続、顔色不良、白膩苔、緩脈→脾の運化機能低下により水湿が停滞する脾虚湿盛の帯下,,indexed_official,2020,180,,oc-zofu-bensho
34-150,34,2026,150,共通,oriental-clinical,専門科目,東洋医学臨床論,小児の灸,acupuncture-technique,小児の灸（斜差・ちりげの灸）の取穴指標となる棘突起,,小児斜差の灸・ちりげの灸では第3胸椎（身柱）・第9胸椎・第11胸椎の棘突起が取穴の指標となり、第5胸椎は指標とならない（正答）,,indexed_official,2020,180,,oc-kakka-chiryo
34-151,34,2026,151,共通,oriental-clinical,専門科目,東洋医学臨床論,帯状疱疹後神経痛,tcm-clinical,帯状疱疹後神経痛の誘因（免疫低下・過労）,,帯状疱疹の発症誘因（過労による免疫低下）と東洋医学的な痰湿証の合併パターンを整理する,,indexed_official,2020,180,,oc-kakka-chiryo
34-152,34,2026,152,共通,oriental-clinical,専門科目,東洋医学臨床論,痰湿証の治療方針,tcm-clinical,痰湿証（舌胖大・厚膩苔・滑脈）の治療方針（痰湿を除く）,,舌胖大・厚膩苔・滑脈→痰湿証の確定と治療方針「痰湿を除く」（健脾化痰・去湿）の意義を整理する,,indexed_official,2020,180,,oc-kiketsu-bensho
34-153,34,2026,153,共通,oriental-clinical,専門科目,東洋医学臨床論,肝胃不和の弁証,tcm-clinical,肝胃不和の弁証（ストレス・月経前増悪・胃症状）,,肝気犯胃（肝胃不和）の症候（ストレス誘因・月経前増悪・胃もたれ・胸やけ）と類証鑑別を整理する,,indexed_official,2020,180,,oc-zofu-bensho
34-154,34,2026,154,共通,oriental-clinical,専門科目,東洋医学臨床論,肝胃不和の治療穴,acupuncture-technique,肝胃不和の治療穴組合せ（太衝・陰陵泉等）,,肝胃不和：胃経の滎穴・内庭で胃熱を清し、肝経の滎穴・行間で肝を疏泄する組合せ,,indexed_official,2020,180,,oc-zofu-bensho
34-155,34,2026,155,共通,oriental-clinical,専門科目,東洋医学臨床論,頭痛,neurology,片頭痛の診断（前兆・拍動性・嘔気）,,片頭痛の三大特徴（閃輝暗点等の前兆・拍動性頭痛・嘔気嘔吐）と緊張型・群発頭痛との鑑別を整理する,,indexed_official,2020,180,,oc-kakka-chiryo
34-156,34,2026,156,共通,oriental-clinical,専門科目,東洋医学臨床論,郄穴の循経取穴,acupuncture-technique,片頭痛への郄穴循経取穴（胆経郄穴＝外丘）,,頭部側面（少陽・胆経エリア）への循経取穴と郄穴の急性症適応（胆経郄穴＝外丘）を整理する,,indexed_official,2020,180,,oc-keiraku-chiryo
34-157,34,2026,157,共通,oriental-clinical,専門科目,東洋医学臨床論,胆道疾患,gastroenterology,胆石症・胆嚢炎の症状と黄疸合併,,マーフィー徴候陽性・右肩放散痛・脂質異常症→胆石症の典型症状と胆道閉塞による黄疸発症を整理する,,indexed_official,2020,180,,oc-kakka-chiryo
34-158,34,2026,158,共通,oriental-clinical,専門科目,東洋医学臨床論,胆嚢疾患の奇穴取穴,acupuncture-technique,胆嚢炎への奇穴（胆嚢穴）の取穴指標（腓骨頭）,,胆嚢穴の位置（腓骨頭下方の陽陵泉付近）と取穴指標・主治（胆道疾患・下肢麻痺）を整理する,,indexed_official,2020,180,,oc-kakka-chiryo
34-159,34,2026,159,共通,oriental-clinical,専門科目,東洋医学臨床論,COPD,pulmonology,COPDの診断根拠（ブリンクマン指数・樽状胸郭・1秒率低下）,,COPD診断の根拠（ブリンクマン指数＝1日本数×年数・樽状胸郭・1秒率低下・肺野透過性亢進）を整理する,,indexed_official,2020,180,,oc-kakka-chiryo
34-160,34,2026,160,共通,oriental-clinical,専門科目,東洋医学臨床論,鍼通電療法の機序,acupuncture-technique,鍼通電療法による呼吸困難改善と内因性オピオイド（βエンドルフィン）,,鍼通電では周波数により放出が促される内因性オピオイドが異なるとされ、低頻度（2Hz）ではβエンドルフィン・エンケファリンなど、高頻度（100Hz）では主にダイノルフィンの放出が促されると報告されている（主に動物実験に基づく知見）,,indexed_official,2020,180,,oc-kakka-chiryo
34-161,34,2026,161,共通,acupuncture-theory,専門科目,はり理論,毫鍼の構造,acupuncture-technique,毫鍼各部の名称（鍼根＝鍼脚）,,毫鍼の部位名称（鍼尖・鍼体・鍼根・鍼柄）と別称（鍼脚＝鍼根）を整理する,,indexed_official,2020,180,はり師専用,ha-goshin-kozo
34-162,34,2026,162,共通,acupuncture-theory,専門科目,はり理論,鍼の手技,acupuncture-technique,弾入動作による刺激手技（屋漏術）,,弾入動作を用いて刺激を与える手技は管散術（正答）。随鍼術・内調術・屋漏術は弾入動作による手技ではない,,indexed_official,2020,180,はり師専用,ha-shishinho
34-163,34,2026,163,共通,acupuncture-theory,専門科目,はり理論,灸頭鍼の鍼選択,acupuncture-technique,灸頭鍼法に適した鍼の条件（鍼体長・接合方式）,,灸頭鍼法で使う鍼の条件：燃焼する艾の熱と重みに耐えるカシメ式接合の鍼柄（正答）,,indexed_official,2020,180,はり師専用,ha-goshin-kozo
34-164,34,2026,164,共通,acupuncture-theory,専門科目,はり理論,鍼刺激感受性,acupuncture-technique,鍼刺激感受性を決定する因子（患者側・術者側）,,鍼刺激への感受性を決定する要因（栄養状態・体質等の患者側因子 vs 運鍼速度・刺激時間等の術者側因子）を整理する,,indexed_official,2020,180,はり師専用,hari-shigeki-ryo
34-165,34,2026,165,共通,acupuncture-theory,専門科目,はり理論,施術消毒薬の選択,acupuncture-technique,アルコールアレルギー患者への代替消毒薬（クロルヘキシジン）,,アルコール系消毒薬（エタノール・イソプロパノール）の禁忌とクロルヘキシジン・ポビドンヨードの適応を整理する,,indexed_official,2020,180,はり師専用,ha-kansen-taisaku
34-166,34,2026,166,共通,acupuncture-theory,専門科目,はり理論,得気の受容器,acupuncture-technique,得気（ひびき）を発生させる受容器（ポリモーダル受容器）,,得気発生に関与する受容器（ポリモーダル受容器・IV群線維）と触覚受容器（マイスネル・パチニ小体）の区別を整理する,,indexed_official,2020,180,はり師専用,ha-tokki
34-167,34,2026,167,共通,acupuncture-theory,専門科目,はり理論,刺鍼反応の時系列,acupuncture-technique,刺鍼後の最早期反応（IV群線維の興奮）,,刺鍼後の反応時系列（IV群線維興奮→局所血管拡張→疼痛閾値上昇→自律神経反応）を整理する,,indexed_official,2020,180,はり師専用,ha-tokki
34-168,34,2026,168,共通,acupuncture-theory,専門科目,はり理論,九刺（遠道刺）,acupuncture-technique,九刺の遠道刺と遠隔刺鍼による内臓反応,,九刺の各特徴（輸刺・遠道刺・経刺・絡刺等）と遠道刺（遠隔部への刺鍼→内臓機能反応）の原理を整理する,,indexed_official,2020,180,はり師専用,ha-shishinho
34-169,34,2026,169,共通,acupuncture-theory,専門科目,はり理論,ストレス鎮痛と下垂体,acupuncture-technique,ストレス誘発性鎮痛と下垂体前葉（βエンドルフィン）,,ストレス誘発性鎮痛の機序（下垂体前葉→βエンドルフィン放出）と鍼鎮痛・内因性オピオイドとの関連を整理する,,indexed_official,2020,180,はり師専用,ha-chintsu-kiko
34-170,34,2026,170,共通,acupuncture-theory,専門科目,はり理論,下行性疼痛抑制系,acupuncture-technique,下行性疼痛抑制系と脊髄網様体路,,下行性疼痛抑制系（PAG→縫線核→脊髄後角）の経路と脊髄網様体路の関与・鍼鎮痛への応用を整理する,,indexed_official,2020,180,はり師専用,ha-chintsu-kiko
34-171,34,2026,171,共通,moxibustion-theory,専門科目,きゅう理論,艾の製造工程,acupuncture-technique,艾の製造工程における器具の役割（けんどん＝夾雑物除去）,,けんどんは艾の製造工程で用いる篩の一種で、夾雑物をふるい落とす工程に用いる,,indexed_official,2020,180,きゅう師専用,ky-mogusa
34-172,34,2026,172,共通,moxibustion-theory,専門科目,きゅう理論,艾の精製度と灸術,acupuncture-technique,灸術の種類と艾の精製度（糸状灸＝最高精製）,,灸術の種類（温灸・押灸・隔物灸・糸状灸）と使用する艾の精製度（糸状灸が最も高精製）の対応を整理する,,indexed_official,2020,180,きゅう師専用,ky-mogusa
34-173,34,2026,173,共通,moxibustion-theory,専門科目,きゅう理論,焦灼灸の特徴,acupuncture-technique,焦灼灸の特徴（ウオノメへの直接灸・燃焼完了）,,焦灼灸・知熱灸・打膿灸・隔物灸の分類と焦灼灸の適応（ウオノメ）・特徴（直接灸・艾炷を燃焼完了まで置く）を整理する,,indexed_official,2020,180,きゅう師専用,ky-kyuho-shurui
34-174,34,2026,174,共通,moxibustion-theory,専門科目,きゅう理論,知覚過敏者への施灸,acupuncture-technique,知覚過敏患者への施灸の配慮（艾条灸の使用）,,知覚過敏・異常患者への施灸の工夫（艾条灸選択・艾炷を小さく・ひねり柔らかく・壮数少なく）を整理する,,indexed_official,2020,180,きゅう師専用,ky-kinki
34-175,34,2026,175,共通,moxibustion-theory,専門科目,きゅう理論,関連痛の機序,acupuncture-technique,関連痛のメカニズム（脊髄後角広作動域ニューロン）,,関連痛の発生機序（収束投射説・広作動域ニューロン）とヘッドの帯への臨床応用を整理する,,indexed_official,2020,180,きゅう師専用,ky-zenshin-sayo
34-176,34,2026,176,共通,moxibustion-theory,専門科目,きゅう理論,フレア現象（軸索反射）,acupuncture-technique,透熱灸後フレア現象の最早期過程（逆行性伝導）,,透熱灸→侵害受容器興奮→逆行性伝導→神経ペプチド遊離→血管拡張（フレア）の順序と最早期反応を整理する,,indexed_official,2020,180,きゅう師専用,ky-kyokusho-hanno
34-177,34,2026,177,共通,moxibustion-theory,専門科目,きゅう理論,施灸の局所反応（CGRP）,acupuncture-technique,施灸局所の膨隆（浮腫）に関与する神経ペプチド（CGRP）,,施灸局所の三徴（発赤・膨隆・熱感）の発生機序とCGRP・サブスタンスP等の神経ペプチドの役割を整理する,,indexed_official,2020,180,きゅう師専用,ky-kyokusho-hanno
34-178,34,2026,178,共通,moxibustion-theory,専門科目,きゅう理論,施灸と発汗反射,acupuncture-technique,侵害性熱刺激による発汗と延髄網様体の関与,,侵害性熱刺激→脊髄後角→延髄網様体→発汗中枢→交感神経→発汗の経路を整理する,,indexed_official,2020,180,きゅう師専用,ky-zenshin-sayo
34-179,34,2026,179,共通,moxibustion-theory,専門科目,きゅう理論,施灸と血圧上昇反射,acupuncture-technique,施灸→血圧上昇反射の遠心路（B線維＝交感神経節前線維）,,施灸→昇圧反射の遠心路（B線維＝細い有髄の交感神経節前線維）とAα・Aβ・Aδ・C線維（Cは無髄）との区別を整理する,,indexed_official,2020,180,きゅう師専用,ky-zenshin-sayo
34-180,34,2026,180,共通,moxibustion-theory,専門科目,きゅう理論,施灸と血管拡張（NO）,acupuncture-technique,施灸局所の血流増加と内皮細胞由来NO（一酸化窒素）,,施灸→局所血流増加に関与する内皮細胞由来物質（NO：一酸化窒素）とCGRP・サブスタンスPとの役割分担を整理する,,indexed_official,2020,180,きゅう師専用,ky-zenshin-sayo
